<?xml version="1.0" encoding="UTF-8"?>
<Window size="200,100"   maxinfo="200,100" showshadow="true" shadowsize="6" shadowposition="1,1" shadowcolor="#FF333333" shadowdarkness="100" caption="0,0,0,180"  roundcorner="2,2" > 
	<Font name="微软雅黑" size="13" bold="false" italic="false" />
	
	
	<VerticalLayout bkcolor="#FF6A5ACD">
		
		<HorizontalLayout height="25">
			<Control />
			<Button name="btnClose"  width="25" height="20" normalimage="file='BtnClose.png' source='0,0,25,20'" hotimage="file='BtnClose.png' 	 source='25,0,50,20'" pushedimage="file='BtnClose.png' 	source='50,0,75,20'" />
		</HorizontalLayout>
		
		<Control height="10" />
		<VerticalLayout  height="60" >
			<HorizontalLayout >
				<Control />
				<Text name="labShowInfo" width="180"  align="center" endellipsis="true"   textcolor="#FFFFFFFF" font="0" />
				<Control />
			</HorizontalLayout>
			
			
		</VerticalLayout>
		
		<Control height="5" />
		
	</VerticalLayout>	
		
</Window>