<?xml version="1.0" encoding="UTF-8"?>
<Window size="200,100"   maxinfo="200,100" showshadow="true" shadowsize="6" shadowposition="1,1" shadowcolor="#FF333333" shadowdarkness="100" caption="0,0,0,180"  roundcorner="2,2" > 
	<Font name="微软雅黑" size="13" bold="false" italic="false" />
	
	
	<VerticalLayout bkcolor="#FF6A5ACD">
		
		<Control height="15" />
		<VerticalLayout  height="50" >
			<HorizontalLayout >
				<Control />
				<Text name="labShowInfo" width="180"  align="center" endellipsis="true"   textcolor="#FFFFFFFF" font="0" />
				<Control />
			</HorizontalLayout>
			
			
		</VerticalLayout>
		
		
		<VerticalLayout height="35">
			<HorizontalLayout height="25">
				<Control width="25" />
				<Button name="btnYes"  bordersize="1" bordercolor="#ff7d888f" text="是" textcolor="#ff7d888f" hottextcolor="#ffffffff" hotBorderColor="#FFFFFFFF"  font="0" />
				<Control width="12" />
				<Button name="btnNo"  bordersize="1" bordercolor="#ff7d888f" text="否" textcolor="#ff7d888f" hottextcolor="#ffffffff" hotBorderColor="#FFFFFFFF"  font="0" />
				<Control width="25" />
			</HorizontalLayout>
			<Control />
		</VerticalLayout>
		
	</VerticalLayout>	
		
</Window>