<?xml version="1.0" encoding="UTF-8"?>
<Window size="150,70"   maxinfo="150,70" showshadow="true" shadowsize="2" shadowcolor="#FF050505" caption="0,0,0,30"> 
	<Font name="微软雅黑" size="11" bold="true" italic="false" />
	
	<VerticalLayout bkcolor="#FFFFFFF0">
		<HorizontalLayout height="30" bkcolor="#ffFFDEAD">
			<Label text="HttpClient_Post" align="left" width="120" />
			<Control />
			<Button name="btnClose"  width="25" height="20" normalimage="file='close.png' source='0,0,25,20'" hotimage="file='close.png' 	 source='25,0,50,20'" pushedimage="file='close.png' 	source='50,0,75,20'" />
		</HorizontalLayout>
		<Control height="5" />
		<HorizontalLayout height="27" >
			<Edit name="editFiePath" width="110" height="25" bkcolor="#FFF8F8FF" bordercolor="#FFF0FFFF" bordersize="1" focusbordercolor="#FFC1FFC1" textcolor="#ffFF6A6A" />
			<Control />
			<Button width="30" name="btnSend" text="Send" pushedbkcolor="#ffCDCDC1" hotbkcolor="#ffEEEEE0" bkcolor="#ffAFEEEE" />
		</HorizontalLayout>
		<Control />
	</VerticalLayout>	
	
</Window>