<?xml version="1.0" encoding="UTF-8"?>
<Window  size="300,220"  caption="0,0,0,30" bktrans="true" showshadow="true" shadowsize="2" shadowcolor="#FF050505">
	<Font name="微软雅黑" id="0" shared="true" size="12" bold="true" italic="false" />
	<Font name="微软雅黑" id="1" shared="true" size="14" bold="false" italic="false" />

	<VerticalLayout bkimage="ServerSettingSkin\BkServerSetting.png">
		<HorizontalLayout height="20">
			<Control />
			<Button name="btnClose"  width="25" height="20" normalimage="file='BtnClose.png' source='0,0,25,20'" hotimage="file='BtnClose.png' 	 source='25,0,50,20'" pushedimage="file='BtnClose.png' 	source='50,0,75,20'" />
		</HorizontalLayout>
		
		<VerticalLayout height="155" inset="150,75,0,20" >
			<HorizontalLayout height="20">
				<Label text="服 务 器 设 置" textcolor="#ff9F79EE" font="1"  />			
			</HorizontalLayout>
			
			<Control />
			
			<HorizontalLayout height="20">
				<Label text="端口号" width="50" font="0" bkcolor="#ffF0FFFF" align="center" />
				<Control width="10" />
				<Edit name="editPort" font="0" numberonly="true"  bkcolor="#FFF8F8FF" bordercolor="#FFF0FFFF" bordersize="1" focusbordercolor="#FFC1FFC1" textcolor="#ffFF6A6A" />
				<Control width="30" />
			</HorizontalLayout>
			
			
			<Control />
		
			<HorizontalLayout height="20">
				<Control />
				<Button name="btnSure" text="确定" width="30" font="0" bkcolor="#ffFFE1FF" textcolor="#FFEE5C42"  hottextcolor="#FFEE4000" pushedtextcolor="#FFEE0000" align="center" />
				<Control width="30" />
			</HorizontalLayout>
		
			
		
		</VerticalLayout>
		
		<HorizontalLayout height="55" >
			<GifAnim bkimage="ServerSettingSkin\GifSnow.gif" autoplay="true" autosize="true" />
		</HorizontalLayout>
		
	</VerticalLayout>
</Window>
