<?xml version="1.0" encoding="UTF-8"?>
<Window size="150,70"   maxinfo="150,70" showshadow="true" shadowsize="2" shadowcolor="#FF050505" caption="0,0,0,30"> 
	<Font name="微软雅黑" size="11" bold="true" italic="false" />
	
	<VerticalLayout bkcolor="#FFFFFFF0">
		<HorizontalLayout height="30" bkcolor="#ffFFDEAD">
			<Label text="HttpServer_Receive" align="left" width="120" />
			<Control />
			<Button name="btnClose"  width="25" height="20" normalimage="file='close.png' source='0,0,25,20'" hotimage="file='close.png' 	 source='25,0,50,20'" pushedimage="file='close.png' 	source='50,0,75,20'" />
		</HorizontalLayout>
		
	</VerticalLayout>	
	
</Window>